<?xml version="1.0" encoding="UTF-8"?><reportPackage xmlns="http://www.tivoli.ibm.com/reporting/tcr_bulk" xmlns:trd="http://www.tivoli.ibm.com/reporting/trd"><zipResourceDir><datastoreName>/OMNIbus Reports/resources</datastoreName><zipDirectory>OMNIbus Reports/resources</zipDirectory></zipResourceDir><design><designType>birt</designType><designRef>/Omnibus Reports/Average Acknowledgement/Ack_Events_Details.rptdesign</designRef><fileName>Omnibus Reports/Average Acknowledgement/Ack_Events_Details.rptdesign</fileName><resourceDir>/OMNIbus Reports/resources</resourceDir></design><design><designType>birt</designType><designRef>/Omnibus Reports/Average Acknowledgement/Ack_Events_Summary.rptdesign</designRef><fileName>Omnibus Reports/Average Acknowledgement/Ack_Events_Summary.rptdesign</fileName><resourceDir>/OMNIbus Reports/resources</resourceDir></design><design><designType>birt</designType><designRef>/Omnibus Reports/Events/Duplicated Events.rptdesign</designRef><fileName>Omnibus Reports/Events/Duplicated Events.rptdesign</fileName><resourceDir>/OMNIbus Reports/resources</resourceDir></design><design><designType>birt</designType><designRef>/Omnibus Reports/Events/Events by Agent.rptdesign</designRef><fileName>Omnibus Reports/Events/Events by Agent.rptdesign</fileName><resourceDir>/OMNIbus Reports/resources</resourceDir></design><design><designType>birt</designType><designRef>/Omnibus Reports/Events/Events by Issue Type Details.rptdesign</designRef><fileName>Omnibus Reports/Events/Events by Issue Type Details.rptdesign</fileName><resourceDir>/OMNIbus Reports/resources</resourceDir></design><design><designType>birt</designType><designRef>/Omnibus Reports/Events/Events by Issue Type.rptdesign</designRef><fileName>Omnibus Reports/Events/Events by Issue Type.rptdesign</fileName><resourceDir>/OMNIbus Reports/resources</resourceDir></design><design><designType>birt</designType><designRef>/Omnibus Reports/Events/Events with Human Intervention Details.rptdesign</designRef><fileName>Omnibus Reports/Events/Events with Human Intervention Details.rptdesign</fileName><resourceDir>/OMNIbus Reports/resources</resourceDir></design><design><designType>birt</designType><designRef>/Omnibus Reports/Events/Events with Human Intervention.rptdesign</designRef><fileName>Omnibus Reports/Events/Events with Human Intervention.rptdesign</fileName><resourceDir>/OMNIbus Reports/resources</resourceDir></design><design><designType>birt</designType><designRef>/Omnibus Reports/Events/Events with Trouble Tickets Details.rptdesign</designRef><fileName>Omnibus Reports/Events/Events with Trouble Tickets Details.rptdesign</fileName><resourceDir>/OMNIbus Reports/resources</resourceDir></design><design><designType>birt</designType><designRef>/Omnibus Reports/Events/Events with TroubleTickets.rptdesign</designRef><fileName>Omnibus Reports/Events/Events with TroubleTickets.rptdesign</fileName><resourceDir>/OMNIbus Reports/resources</resourceDir></design><design><designType>birt</designType><designRef>/Omnibus Reports/Events/Events_Details.rptdesign</designRef><fileName>Omnibus Reports/Events/Events_Details.rptdesign</fileName><resourceDir>/OMNIbus Reports/resources</resourceDir></design><design><designType>birt</designType><designRef>/Omnibus Reports/Events/Events_Summary.rptdesign</designRef><fileName>Omnibus Reports/Events/Events_Summary.rptdesign</fileName><resourceDir>/OMNIbus Reports/resources</resourceDir></design><design><designType>birt</designType><designRef>/Omnibus Reports/Performance/Perf_Details.rptdesign</designRef><fileName>Omnibus Reports/Performance/Perf_Details.rptdesign</fileName><resourceDir>/OMNIbus Reports/resources</resourceDir></design><design><designType>birt</designType><designRef>/Omnibus Reports/Performance/Perf_Summary.rptdesign</designRef><fileName>Omnibus Reports/Performance/Perf_Summary.rptdesign</fileName><resourceDir>/OMNIbus Reports/resources</resourceDir></design><design><designType>birt</designType><designRef>/Omnibus Reports/Summary/Get_All_Details.rptdesign</designRef><fileName>Omnibus Reports/Summary/Get_All_Details.rptdesign</fileName><resourceDir>/OMNIbus Reports/resources</resourceDir></design><design><designType>birt</designType><designRef>/Omnibus Reports/Summary/Get_All_Journals.rptdesign</designRef><fileName>Omnibus Reports/Summary/Get_All_Journals.rptdesign</fileName><resourceDir>/OMNIbus Reports/resources</resourceDir></design><reportSet><id>50</id><name>/Omnibus Reports</name><displayName><trd:displayString>Omnibus Reports</trd:displayString></displayName></reportSet><reportSet><id>53</id><name>/Omnibus Reports/Average Acknowledgement</name><displayName><trd:displayString>Average Acknowledgement</trd:displayString></displayName></reportSet><reportSet><id>52</id><name>/Omnibus Reports/Summary</name><displayName><trd:displayString>Summary</trd:displayString></displayName></reportSet><reportSet><id>51</id><name>/Omnibus Reports/Events</name><displayName><trd:displayString>Events</trd:displayString></displayName></reportSet><reportSet><id>49</id><name>/Omnibus Reports/Performance</name><displayName><trd:displayString>Performance</trd:displayString></displayName></reportSet><report><trd:id>218</trd:id><trd:name>/Omnibus Reports/Events/Events by Issue Type</trd:name><trd:designRef>/Omnibus Reports/Events/Events by Issue Type.rptdesign</trd:designRef><trd:displayName><trd:displayString>Events by Issue Type</trd:displayString></trd:displayName><trd:description><trd:displayString>This report shows count and percentage of events that indicate performance, availability and other issues.</trd:displayString></trd:description><trd:keywords/><trd:params/><trd:maxSavedSnapshots>-1</trd:maxSavedSnapshots><trd:maxDrillThroughLevels>-1</trd:maxDrillThroughLevels></report><report><trd:id>217</trd:id><trd:name>/Omnibus Reports/Events/Events by Issue Type Details</trd:name><trd:designRef>/Omnibus Reports/Events/Events by Issue Type Details.rptdesign</trd:designRef><trd:displayName><trd:displayString>Events by Issue Type Details</trd:displayString></trd:displayName><trd:description><trd:displayString>Drill-through sub report for Events by Issue Type that indicates the details of events related to performance issues, availability issues or other issues grouped by severity.</trd:displayString></trd:description><trd:keywords/><trd:params/><trd:maxSavedSnapshots>-1</trd:maxSavedSnapshots><trd:maxDrillThroughLevels>-1</trd:maxDrillThroughLevels></report><report><trd:id>228</trd:id><trd:name>/Omnibus Reports/Summary/Get_All_Journals</trd:name><trd:designRef>/Omnibus Reports/Summary/Get_All_Journals.rptdesign</trd:designRef><trd:displayName><trd:displayString>Get All Journals</trd:displayString></trd:displayName><trd:description><trd:displayString>Fetch all associated journal entries of the selected nodes.</trd:displayString></trd:description><trd:keywords/><trd:params/><trd:maxSavedSnapshots>-1</trd:maxSavedSnapshots><trd:maxDrillThroughLevels>-1</trd:maxDrillThroughLevels></report><report><trd:id>219</trd:id><trd:name>/Omnibus Reports/Events/Events with Human Intervention Details</trd:name><trd:designRef>/Omnibus Reports/Events/Events with Human Intervention Details.rptdesign</trd:designRef><trd:displayName><trd:displayString>Events with Human Intervention Details</trd:displayString></trd:displayName><trd:description><trd:displayString>Details report listing all events that either required human intervention or did not. It also shows the acknowledge times for events.</trd:displayString></trd:description><trd:keywords/><trd:params/><trd:maxSavedSnapshots>-1</trd:maxSavedSnapshots><trd:maxDrillThroughLevels>-1</trd:maxDrillThroughLevels></report><report><trd:id>227</trd:id><trd:name>/Omnibus Reports/Summary/Get_All_Details</trd:name><trd:designRef>/Omnibus Reports/Summary/Get_All_Details.rptdesign</trd:designRef><trd:displayName><trd:displayString>Get All Details</trd:displayString></trd:displayName><trd:description><trd:displayString>Fetch all associated details of the selected nodes.</trd:displayString></trd:description><trd:keywords/><trd:params/><trd:maxSavedSnapshots>-1</trd:maxSavedSnapshots><trd:maxDrillThroughLevels>-1</trd:maxDrillThroughLevels></report><report><trd:id>214</trd:id><trd:name>/Omnibus Reports/Average Acknowledgement/Ack_Events_Summary</trd:name><trd:designRef>/Omnibus Reports/Average Acknowledgement/Ack_Events_Summary.rptdesign</trd:designRef><trd:displayName><trd:displayString>Acknowledged Events Summary</trd:displayString></trd:displayName><trd:description><trd:displayString>Returns the average acknowledge times across all owners (OwnerUID) or groups (OwnerGID) within the network management environment. Assists operators and managers in pinpointing and addressing discrepancies in acknowledge rates across the network.</trd:displayString></trd:description><trd:keywords/><trd:params/><trd:maxSavedSnapshots>-1</trd:maxSavedSnapshots><trd:maxDrillThroughLevels>-1</trd:maxDrillThroughLevels></report><report><trd:id>226</trd:id><trd:name>/Omnibus Reports/Performance/Perf_Summary</trd:name><trd:designRef>/Omnibus Reports/Performance/Perf_Summary.rptdesign</trd:designRef><trd:displayName><trd:displayString>Performance Summary</trd:displayString></trd:displayName><trd:description><trd:displayString>This report generates a 2D vertical bar chart and supplementary drill-down table displaying the number of events handled by either an operator (OwnerUID), a group (OwnerGID), Class or Manager over a user-specified time period.</trd:displayString></trd:description><trd:keywords/><trd:params/><trd:maxSavedSnapshots>-1</trd:maxSavedSnapshots><trd:maxDrillThroughLevels>-1</trd:maxDrillThroughLevels></report><report><trd:id>213</trd:id><trd:name>/Omnibus Reports/Average Acknowledgement/Ack_Events_Details</trd:name><trd:designRef>/Omnibus Reports/Average Acknowledgement/Ack_Events_Details.rptdesign</trd:designRef><trd:displayName><trd:displayString>Acknowledged Event Details</trd:displayString></trd:displayName><trd:description><trd:displayString>Returns a detailed break-down of the average acknowledge times for a specific owner (OwnerUID) or group (OwnerGID) within the network management environment. Assists operators and managers in pinpointing and addressing discrepancies in acknowledge rates across the network.</trd:displayString></trd:description><trd:keywords/><trd:params/><trd:maxSavedSnapshots>-1</trd:maxSavedSnapshots><trd:maxDrillThroughLevels>-1</trd:maxDrillThroughLevels></report><report><trd:id>216</trd:id><trd:name>/Omnibus Reports/Events/Events by Agent</trd:name><trd:designRef>/Omnibus Reports/Events/Events by Agent.rptdesign</trd:designRef><trd:displayName><trd:displayString>Events by Agent</trd:displayString></trd:displayName><trd:description><trd:displayString>This report compares the count of events across various agents. It is useful to infer the number of events by platform or application.</trd:displayString></trd:description><trd:keywords/><trd:params/><trd:maxSavedSnapshots>-1</trd:maxSavedSnapshots><trd:maxDrillThroughLevels>-1</trd:maxDrillThroughLevels></report><report><trd:id>225</trd:id><trd:name>/Omnibus Reports/Performance/Perf_Details</trd:name><trd:designRef>/Omnibus Reports/Performance/Perf_Details.rptdesign</trd:designRef><trd:displayName><trd:displayString>Performance Details</trd:displayString></trd:displayName><trd:description><trd:displayString>This report generates a supplementary drill-down report of a selected operator (OwnerUID), group (OwnerGID), Class or Manager over a user-specified time period.</trd:displayString></trd:description><trd:keywords/><trd:params/><trd:maxSavedSnapshots>-1</trd:maxSavedSnapshots><trd:maxDrillThroughLevels>-1</trd:maxDrillThroughLevels></report><report><trd:id>215</trd:id><trd:name>/Omnibus Reports/Events/Duplicated Events</trd:name><trd:designRef>/Omnibus Reports/Events/Duplicated Events.rptdesign</trd:designRef><trd:displayName><trd:displayString>Duplicated Events</trd:displayString></trd:displayName><trd:description><trd:displayString>This report displays all duplicate instances of an event. It shows the count and percentage of duplicate events. This assists in tuning of the correlation engine to eliminate unnecessary event generation. It also helps to determine which of the events are known problems</trd:displayString></trd:description><trd:keywords/><trd:params/><trd:maxSavedSnapshots>-1</trd:maxSavedSnapshots><trd:maxDrillThroughLevels>-1</trd:maxDrillThroughLevels></report><report><trd:id>224</trd:id><trd:name>/Omnibus Reports/Events/Events_Summary</trd:name><trd:designRef>/Omnibus Reports/Events/Events_Summary.rptdesign</trd:designRef><trd:displayName><trd:displayString>Events Summary</trd:displayString></trd:displayName><trd:description><trd:displayString>This report generates a 2D vertical bar chart and supplementary drill-down table displaying the highest event-generating elements based on either Node, Class, Location, Manager, AlertGroup or Severity over a user-specified time period.</trd:displayString></trd:description><trd:keywords/><trd:params/><trd:maxSavedSnapshots>-1</trd:maxSavedSnapshots><trd:maxDrillThroughLevels>-1</trd:maxDrillThroughLevels></report><report><trd:id>223</trd:id><trd:name>/Omnibus Reports/Events/Events_Details</trd:name><trd:designRef>/Omnibus Reports/Events/Events_Details.rptdesign</trd:designRef><trd:displayName><trd:displayString>Events Details</trd:displayString></trd:displayName><trd:description><trd:displayString>This report generates a supplementary drill-down report of a selected Node, Class, Location, Manager, AlertGroup or Severity over a user-specified time period.</trd:displayString></trd:description><trd:keywords/><trd:params/><trd:maxSavedSnapshots>-1</trd:maxSavedSnapshots><trd:maxDrillThroughLevels>-1</trd:maxDrillThroughLevels></report><report><trd:id>222</trd:id><trd:name>/Omnibus Reports/Events/Events with TroubleTickets</trd:name><trd:designRef>/Omnibus Reports/Events/Events with TroubleTickets.rptdesign</trd:designRef><trd:displayName><trd:displayString>Events with Trouble Tickets</trd:displayString></trd:displayName><trd:description><trd:displayString>This report shows the count and percentage of events which resulted in incidents or changes i.e., trouble tickets. Drills through to show more details of the events with or without trouble tickets.</trd:displayString></trd:description><trd:keywords/><trd:params/><trd:maxSavedSnapshots>-1</trd:maxSavedSnapshots><trd:maxDrillThroughLevels>-1</trd:maxDrillThroughLevels></report><report><trd:id>221</trd:id><trd:name>/Omnibus Reports/Events/Events with Trouble Tickets Details</trd:name><trd:designRef>/Omnibus Reports/Events/Events with Trouble Tickets Details.rptdesign</trd:designRef><trd:displayName><trd:displayString>Events with Trouble Tickets Details</trd:displayString></trd:displayName><trd:description><trd:displayString>Details of events with or without trouble tickets</trd:displayString></trd:description><trd:keywords/><trd:params/><trd:maxSavedSnapshots>-1</trd:maxSavedSnapshots><trd:maxDrillThroughLevels>-1</trd:maxDrillThroughLevels></report><report><trd:id>220</trd:id><trd:name>/Omnibus Reports/Events/Events with Human Intervention</trd:name><trd:designRef>/Omnibus Reports/Events/Events with Human Intervention.rptdesign</trd:designRef><trd:displayName><trd:displayString>Events with Human Intervention</trd:displayString></trd:displayName><trd:description><trd:displayString>This report shows count and percentage of events that required human intervention. Drills through to show event details.</trd:displayString></trd:description><trd:keywords/><trd:params/><trd:maxSavedSnapshots>-1</trd:maxSavedSnapshots><trd:maxDrillThroughLevels>-1</trd:maxDrillThroughLevels></report><setMapping><reportSetId>50</reportSetId><childSetId>49</childSetId><childSetId>51</childSetId><childSetId>52</childSetId><childSetId>53</childSetId></setMapping><setMapping><reportSetId>53</reportSetId><childReportId>213</childReportId><childReportId>214</childReportId></setMapping><setMapping><reportSetId>52</reportSetId><childReportId>227</childReportId><childReportId>228</childReportId></setMapping><setMapping><reportSetId>51</reportSetId><childReportId>215</childReportId><childReportId>216</childReportId><childReportId>217</childReportId><childReportId>218</childReportId><childReportId>219</childReportId><childReportId>220</childReportId><childReportId>221</childReportId><childReportId>222</childReportId><childReportId>223</childReportId><childReportId>224</childReportId></setMapping><setMapping><reportSetId>49</reportSetId><childReportId>225</childReportId><childReportId>226</childReportId></setMapping></reportPackage>